drug_name,side_effect_count,severity_score,serious_event_rate,interaction_count,interaction_flag,has_high_interaction,risk_label
aspirin,10,5.5,0.08,9,1,1,High
ibuprofen,10,5.8,0.09,5,1,1,High
acetaminophen,5,4.0,0.04,0,0,0,Low
paracetamol,4,3.8,0.04,0,0,0,Low
warfarin,10,8.2,0.28,7,1,1,High
metformin,8,4.5,0.06,1,1,0,Medium
atorvastatin,9,5.0,0.05,1,1,1,High
lisinopril,9,5.2,0.07,2,1,0,Medium
omeprazole,7,3.8,0.04,1,1,0,Low
amoxicillin,8,4.2,0.05,0,0,0,Low
metoprolol,8,4.8,0.06,1,1,1,Medium
amlodipine,8,4.0,0.04,0,0,0,Low
simvastatin,8,5.2,0.06,1,1,1,Medium
losartan,7,4.0,0.04,1,1,0,Low
albuterol,8,4.2,0.04,0,0,0,Low
prednisone,10,7.0,0.15,1,1,0,High
gabapentin,8,5.0,0.06,1,1,1,Medium
sertraline,9,5.5,0.07,2,1,1,High
fluoxetine,9,5.2,0.07,1,1,1,High
escitalopram,8,4.8,0.06,0,0,0,Low
levothyroxine,8,4.5,0.05,2,1,0,Medium
metronidazole,8,5.0,0.06,1,1,1,Medium
ciprofloxacin,8,6.2,0.09,2,1,1,High
azithromycin,7,4.8,0.06,0,0,0,Low
cetirizine,5,2.5,0.01,0,0,0,Low
loratadine,5,2.0,0.01,0,0,0,Low
diphenhydramine,7,5.0,0.06,0,0,0,Low
clopidogrel,7,6.0,0.1,2,1,0,Medium
rosuvastatin,7,4.8,0.05,0,0,0,Low
furosemide,8,6.5,0.1,1,1,1,High
tramadol,9,7.0,0.12,5,1,1,High
oxycodone,9,8.5,0.22,2,1,1,High
morphine,8,8.8,0.25,0,0,0,High
fentanyl,8,9.2,0.3,1,1,1,High
diazepam,8,6.5,0.1,2,1,1,High
alprazolam,8,7.0,0.12,2,1,1,High
quetiapine,8,6.5,0.1,1,1,0,Medium
lithium,9,7.8,0.18,2,1,1,High
valproic acid,8,7.5,0.16,1,1,0,Medium
methotrexate,9,8.5,0.22,2,1,1,High
insulin,7,6.0,0.12,0,0,0,Medium
sildenafil,8,5.0,0.07,1,1,1,Medium
digoxin,8,8.0,0.2,1,1,1,High
naproxen,9,5.8,0.09,3,1,1,High
amitriptyline,8,6.5,0.09,1,1,0,Medium
bupropion,8,5.8,0.08,1,1,1,Medium
hydroxychloroquine,7,5.0,0.07,0,0,0,Low
rivaroxaban,8,7.5,0.18,1,1,1,High
apixaban,7,7.2,0.16,1,1,1,High
dabigatran,7,7.0,0.15,1,1,1,High
fluconazole,7,5.2,0.07,1,1,1,Medium
carbamazepine,8,7.5,0.15,1,1,1,High
phenytoin,8,7.8,0.16,1,1,1,High
rifampin,6,6.5,0.1,1,1,1,High
doxycycline,7,5.0,0.06,1,1,0,Medium
clindamycin,7,5.5,0.08,0,0,0,Low
spironolactone,7,5.5,0.08,1,1,0,Medium
ondansetron,6,4.0,0.04,0,0,0,Low
montelukast,6,4.5,0.05,0,0,0,Low
ranitidine,7,6.8,0.017,1,1,0,Medium
pantoprazole,11,3.7,0.224,0,0,0,Medium
hydrochlorothiazide,4,6.4,0.019,1,1,0,Low
enalapril,11,3.7,0.185,1,1,0,Medium
ramipril,9,7.4,0.213,1,1,0,High
carvedilol,3,5.4,0.091,1,1,0,Low
bisoprolol,5,7.2,0.109,1,1,0,Medium
codeine,4,9.2,0.108,3,1,1,High
clonazepam,12,2.7,0.256,2,1,0,Medium
lorazepam,11,8.1,0.222,0,0,0,High
zolpidem,11,9.3,0.12,2,1,1,High
olanzapine,8,8.2,0.189,4,1,1,High
risperidone,6,3.4,0.03,2,1,0,Low
aripiprazole,4,9.4,0.258,3,1,1,High
levetiracetam,8,4.1,0.194,1,1,0,Medium
lamotrigine,7,4.8,0.071,5,1,0,Medium
sulfasalazine,12,9.0,0.198,5,1,1,High
adalimumab,5,3.3,0.221,3,1,0,Medium
glipizide,11,4.8,0.297,1,1,0,High
sitagliptin,3,7.1,0.254,1,1,0,Medium
pioglitazone,9,8.2,0.243,2,1,1,High
empagliflozin,12,2.5,0.275,5,1,0,High
tetracycline,9,4.4,0.2,5,1,0,High
clarithromycin,6,5.4,0.087,5,1,0,Medium
erythromycin,12,6.2,0.086,3,1,1,High
itraconazole,6,8.7,0.126,1,1,0,High
acyclovir,3,5.8,0.036,0,0,0,Low
oseltamivir,9,3.1,0.056,4,1,0,Medium
atenolol,10,2.5,0.121,4,1,0,Medium
propranolol,3,3.9,0.17,5,1,0,Medium
diltiazem,11,7.4,0.208,2,1,1,High
verapamil,7,7.8,0.109,3,1,1,High
bumetanide,7,3.2,0.011,4,1,0,Low
torsemide,4,7.7,0.157,5,1,1,High
chlorthalidone,12,4.2,0.195,1,1,0,Medium
celecoxib,11,3.1,0.231,4,1,0,High
indomethacin,10,8.9,0.184,0,0,0,High
diclofenac,7,2.8,0.115,1,1,0,Medium
ketorolac,4,2.4,0.265,0,0,0,Low
metoclopramide,11,7.5,0.247,1,1,0,High
domperidone,11,3.0,0.148,1,1,0,Medium
loperamide,9,4.0,0.263,1,1,0,High
salbutamol,6,9.0,0.229,5,1,1,High
salmeterol,8,4.3,0.299,3,1,0,High
budesonide,6,8.7,0.141,1,1,0,High
fluticasone,11,2.5,0.016,1,1,0,Low
vitamin d,3,6.4,0.012,1,1,0,Low
calcium carbonate,8,2.5,0.019,0,0,0,Low
ferrous sulfate,10,5.9,0.091,1,1,0,Medium
folic acid,12,6.0,0.22,4,1,1,High
nortriptyline,9,5.5,0.238,1,1,0,High
venlafaxine,8,2.7,0.201,3,1,0,Medium
duloxetine,3,5.1,0.261,5,1,0,Medium
citalopram,3,6.9,0.197,3,1,1,High
paroxetine,4,7.5,0.242,1,1,0,Medium
mirtazapine,5,3.4,0.166,3,1,0,Medium
trazodone,4,3.4,0.144,3,1,0,Medium
clomipramine,4,8.1,0.258,0,0,0,Medium
haloperidol,3,6.9,0.167,0,0,0,Medium
chlorpromazine,5,8.9,0.256,3,1,1,High
fluphenazine,9,5.6,0.072,0,0,0,Medium
perphenazine,9,3.2,0.011,2,1,0,Low
donepezil,7,8.9,0.238,3,1,1,High
memantine,11,7.2,0.222,5,1,1,High
rivastigmine,7,7.4,0.055,1,1,0,Medium
galantamine,11,9.3,0.178,0,0,0,High
tadalafil,12,7.6,0.027,3,1,1,High
vardenafil,5,5.8,0.257,0,0,0,Medium
tamsulosin,5,9.2,0.033,0,0,0,Low
finasteride,6,6.5,0.206,3,1,1,High
dutasteride,6,2.9,0.268,4,1,0,Medium
allopurinol,9,6.5,0.19,5,1,1,High
colchicine,7,6.4,0.162,1,1,0,Medium
probenecid,7,7.0,0.101,3,1,1,High
nifedipine,10,3.0,0.197,2,1,0,Medium
felodipine,3,9.0,0.281,3,1,1,High
isosorbide,4,6.7,0.173,0,0,0,Medium
nitroglycerin,5,6.0,0.157,2,1,1,High
heparin,8,8.6,0.265,2,1,1,High
enoxaparin,7,3.2,0.252,4,1,0,Medium
pravastatin,11,9.4,0.244,0,0,0,High
lovastatin,4,7.0,0.171,1,1,0,Medium
ezetimibe,11,4.0,0.268,1,1,0,High
methylphenidate,8,4.0,0.185,1,1,0,Medium
amphetamine,11,7.2,0.257,3,1,1,High
lisdexamfetamine,3,3.9,0.273,0,0,0,Low
atomoxetine,3,6.8,0.251,0,0,0,Medium
vancomycin,7,4.5,0.048,1,1,0,Low
linezolid,9,7.6,0.17,4,1,1,High
isoniazid,5,2.1,0.032,4,1,0,Low
synthetic_low_0,1,4.0,0.031,0,1,0,Low
synthetic_low_1,2,1.6,0.021,0,1,0,Low
synthetic_low_2,2,3.5,0.035,1,1,0,Low
synthetic_low_3,5,3.7,0.047,0,0,0,Low
synthetic_low_4,2,4.1,0.006,1,1,0,Low
synthetic_low_5,2,2.3,0.04,0,1,0,Low
synthetic_low_6,1,4.1,0.015,1,1,0,Low
synthetic_low_7,3,4.0,0.044,0,0,0,Low
synthetic_low_8,2,2.7,0.018,0,1,0,Low
synthetic_low_9,3,3.4,0.023,1,0,0,Low
synthetic_low_10,1,4.1,0.017,1,0,0,Low
synthetic_low_11,1,3.3,0.021,1,1,0,Low
synthetic_low_12,5,4.5,0.01,0,1,0,Low
synthetic_low_13,1,3.6,0.005,0,1,0,Low
synthetic_low_14,4,1.7,0.035,1,1,0,Low
synthetic_low_15,1,3.7,0.019,1,1,0,Low
synthetic_low_16,3,2.7,0.018,0,0,0,Low
synthetic_low_17,4,3.5,0.022,0,1,0,Low
synthetic_low_18,4,3.1,0.005,1,0,0,Low
synthetic_low_19,4,3.9,0.032,1,1,0,Low
synthetic_low_20,4,2.8,0.015,1,0,0,Low
synthetic_low_21,1,2.4,0.035,1,0,0,Low
synthetic_low_22,2,3.5,0.015,0,0,0,Low
synthetic_low_23,1,1.6,0.049,0,1,0,Low
synthetic_low_24,4,4.2,0.031,1,1,0,Low
synthetic_low_25,4,2.2,0.035,0,0,0,Low
synthetic_low_26,4,2.2,0.041,1,0,0,Low
synthetic_low_27,5,2.2,0.043,1,0,0,Low
synthetic_low_28,4,3.5,0.049,1,1,0,Low
synthetic_low_29,5,3.9,0.045,1,1,0,Low
synthetic_low_30,2,3.7,0.026,1,0,0,Low
synthetic_low_31,3,3.8,0.028,0,1,0,Low
synthetic_low_32,4,1.7,0.018,1,1,0,Low
synthetic_low_33,3,4.2,0.009,0,0,0,Low
synthetic_low_34,4,3.6,0.037,0,1,0,Low
synthetic_low_35,4,2.5,0.026,0,0,0,Low
synthetic_low_36,4,2.7,0.04,0,1,0,Low
synthetic_low_37,4,1.5,0.021,1,1,0,Low
synthetic_low_38,5,3.7,0.03,0,1,0,Low
synthetic_low_39,2,2.3,0.027,1,1,0,Low
synthetic_low_40,4,3.7,0.043,0,0,0,Low
synthetic_low_41,4,3.3,0.035,0,1,0,Low
synthetic_low_42,2,4.1,0.013,1,1,0,Low
synthetic_low_43,3,2.1,0.02,1,1,0,Low
synthetic_low_44,4,2.3,0.009,0,0,0,Low
synthetic_low_45,3,2.2,0.008,0,0,0,Low
synthetic_low_46,2,2.1,0.006,0,0,0,Low
synthetic_low_47,2,2.9,0.01,0,1,0,Low
synthetic_low_48,3,3.8,0.013,0,0,0,Low
synthetic_low_49,3,1.8,0.006,1,1,0,Low
synthetic_low_50,4,4.3,0.014,0,0,0,Low
synthetic_low_51,3,4.1,0.032,0,0,0,Low
synthetic_low_52,3,3.1,0.035,0,1,0,Low
synthetic_low_53,1,4.0,0.042,0,1,0,Low
synthetic_low_54,3,3.4,0.042,0,1,0,Low
synthetic_low_55,2,3.7,0.048,1,1,0,Low
synthetic_low_56,4,2.8,0.038,1,1,0,Low
synthetic_low_57,2,4.0,0.009,1,0,0,Low
synthetic_low_58,4,3.2,0.035,1,0,0,Low
synthetic_low_59,4,4.1,0.013,0,1,0,Low
synthetic_low_60,3,2.5,0.045,1,0,0,Low
synthetic_low_61,5,4.3,0.009,1,1,0,Low
synthetic_low_62,5,3.8,0.036,1,1,0,Low
synthetic_low_63,1,1.8,0.015,0,1,0,Low
synthetic_low_64,5,2.6,0.03,1,1,0,Low
synthetic_low_65,5,2.5,0.037,1,1,0,Low
synthetic_low_66,3,2.2,0.037,1,0,0,Low
synthetic_low_67,5,4.4,0.036,0,0,0,Low
synthetic_low_68,4,2.3,0.032,1,0,0,Low
synthetic_low_69,2,2.4,0.021,1,0,0,Low
synthetic_low_70,5,1.9,0.007,0,1,0,Low
synthetic_low_71,2,3.4,0.039,0,0,0,Low
synthetic_low_72,5,2.4,0.027,1,0,0,Low
synthetic_low_73,1,2.3,0.044,0,0,0,Low
synthetic_low_74,4,3.0,0.031,0,0,0,Low
synthetic_low_75,2,3.9,0.048,0,0,0,Low
synthetic_low_76,1,3.2,0.024,0,1,0,Low
synthetic_low_77,4,4.2,0.018,1,1,0,Low
synthetic_low_78,5,3.4,0.032,0,0,0,Low
synthetic_low_79,2,2.3,0.009,0,0,0,Low
synthetic_low_80,5,1.7,0.005,1,1,0,Low
synthetic_low_81,3,1.6,0.018,1,1,0,Low
synthetic_low_82,1,3.6,0.047,0,1,0,Low
synthetic_low_83,1,3.1,0.034,1,0,0,Low
synthetic_low_84,1,1.7,0.041,1,1,0,Low
synthetic_low_85,1,2.9,0.019,1,1,0,Low
synthetic_low_86,5,3.1,0.025,0,1,0,Low
synthetic_low_87,3,3.3,0.006,0,0,0,Low
synthetic_low_88,3,3.2,0.039,0,1,0,Low
synthetic_low_89,5,3.5,0.046,0,1,0,Low
synthetic_low_90,4,4.4,0.026,1,1,0,Low
synthetic_low_91,3,3.5,0.044,1,1,0,Low
synthetic_low_92,4,2.4,0.048,0,1,0,Low
synthetic_low_93,1,2.4,0.02,1,0,0,Low
synthetic_low_94,5,2.9,0.007,1,1,0,Low
synthetic_low_95,4,3.8,0.014,0,1,0,Low
synthetic_low_96,4,4.1,0.027,0,0,0,Low
synthetic_low_97,2,2.4,0.006,1,0,0,Low
synthetic_low_98,2,4.5,0.046,1,0,0,Low
synthetic_low_99,2,3.0,0.037,1,1,0,Low
synthetic_low_100,4,4.4,0.016,0,1,0,Low
synthetic_low_101,2,4.3,0.028,0,0,0,Low
synthetic_low_102,3,3.8,0.043,1,1,0,Low
synthetic_low_103,1,2.3,0.018,1,0,0,Low
synthetic_low_104,4,3.1,0.021,1,1,0,Low
synthetic_low_105,3,4.1,0.049,0,1,0,Low
synthetic_low_106,2,4.1,0.023,1,1,0,Low
synthetic_low_107,4,2.7,0.035,0,1,0,Low
synthetic_low_108,1,1.9,0.048,1,0,0,Low
synthetic_low_109,4,1.8,0.046,0,0,0,Low
synthetic_low_110,4,4.1,0.049,0,1,0,Low
synthetic_low_111,3,2.5,0.036,0,1,0,Low
synthetic_low_112,5,2.6,0.019,1,0,0,Low
synthetic_low_113,5,1.7,0.033,1,0,0,Low
synthetic_low_114,1,2.8,0.009,0,1,0,Low
synthetic_low_115,2,3.6,0.046,0,1,0,Low
synthetic_low_116,1,2.4,0.022,0,0,0,Low
synthetic_low_117,5,2.7,0.036,0,0,0,Low
synthetic_low_118,2,1.7,0.044,0,1,0,Low
synthetic_low_119,5,1.9,0.026,1,1,0,Low
synthetic_low_120,3,3.5,0.045,1,1,0,Low
synthetic_low_121,5,2.0,0.025,1,1,0,Low
synthetic_low_122,4,3.6,0.026,1,0,0,Low
synthetic_low_123,4,4.1,0.01,1,1,0,Low
synthetic_low_124,5,2.4,0.036,0,1,0,Low
synthetic_low_125,3,1.5,0.044,0,1,0,Low
synthetic_low_126,3,3.8,0.015,1,0,0,Low
synthetic_low_127,2,3.4,0.035,0,0,0,Low
synthetic_low_128,1,2.4,0.025,1,0,0,Low
synthetic_low_129,1,4.2,0.02,1,0,0,Low
synthetic_low_130,2,1.9,0.029,1,1,0,Low
synthetic_low_131,2,2.3,0.042,1,1,0,Low
synthetic_low_132,3,3.9,0.026,0,0,0,Low
synthetic_low_133,2,4.1,0.038,1,1,0,Low
synthetic_low_134,1,3.9,0.006,0,1,0,Low
synthetic_low_135,3,3.5,0.035,1,1,0,Low
synthetic_low_136,1,3.5,0.026,1,0,0,Low
synthetic_low_137,1,3.4,0.026,1,1,0,Low
synthetic_low_138,1,1.9,0.048,1,1,0,Low
synthetic_low_139,1,1.8,0.045,0,1,0,Low
synthetic_low_140,4,2.6,0.048,1,0,0,Low
synthetic_low_141,4,3.5,0.043,1,1,0,Low
synthetic_low_142,1,3.6,0.015,1,0,0,Low
synthetic_low_143,3,1.8,0.036,1,0,0,Low
synthetic_low_144,4,2.3,0.049,1,0,0,Low
synthetic_low_145,2,3.4,0.032,0,0,0,Low
synthetic_low_146,3,2.2,0.011,0,0,0,Low
synthetic_low_147,5,2.1,0.015,0,1,0,Low
synthetic_low_148,2,3.9,0.032,1,0,0,Low
synthetic_low_149,2,3.1,0.041,0,0,0,Low
synthetic_low_150,2,1.5,0.041,0,1,0,Low
synthetic_low_151,1,2.0,0.007,1,0,0,Low
synthetic_low_152,1,2.9,0.04,0,1,0,Low
synthetic_low_153,5,2.2,0.033,1,1,0,Low
synthetic_low_154,1,1.7,0.027,1,1,0,Low
synthetic_low_155,1,3.0,0.046,0,0,0,Low
synthetic_low_156,3,3.3,0.008,1,1,0,Low
synthetic_low_157,4,4.5,0.029,1,1,0,Low
synthetic_low_158,1,3.9,0.01,0,1,0,Low
synthetic_low_159,4,4.2,0.024,1,1,0,Low
synthetic_low_160,4,3.7,0.019,1,1,0,Low
synthetic_low_161,3,4.4,0.036,1,0,0,Low
synthetic_low_162,1,4.0,0.009,0,1,0,Low
synthetic_low_163,2,3.2,0.031,1,0,0,Low
synthetic_low_164,4,2.6,0.035,1,0,0,Low
synthetic_low_165,3,3.3,0.021,0,0,0,Low
synthetic_low_166,4,2.2,0.01,1,0,0,Low
synthetic_low_167,3,3.2,0.041,0,1,0,Low
synthetic_low_168,1,2.0,0.037,1,1,0,Low
synthetic_low_169,3,1.5,0.044,1,0,0,Low
synthetic_low_170,2,3.7,0.049,0,0,0,Low
synthetic_low_171,4,2.8,0.02,1,1,0,Low
synthetic_low_172,3,3.8,0.031,0,0,0,Low
synthetic_low_173,2,2.0,0.033,0,1,0,Low
synthetic_low_174,4,3.5,0.027,1,1,0,Low
synthetic_low_175,3,2.1,0.028,1,1,0,Low
synthetic_low_176,1,2.3,0.036,1,1,0,Low
synthetic_low_177,1,2.2,0.049,0,0,0,Low
synthetic_low_178,2,2.4,0.015,0,1,0,Low
synthetic_low_179,3,2.5,0.005,1,0,0,Low
synthetic_low_180,2,2.6,0.037,1,0,0,Low
synthetic_low_181,4,4.1,0.007,0,1,0,Low
synthetic_low_182,1,4.1,0.031,1,1,0,Low
synthetic_low_183,3,1.8,0.006,1,0,0,Low
synthetic_low_184,5,2.9,0.036,1,0,0,Low
synthetic_low_185,4,4.0,0.016,1,0,0,Low
synthetic_low_186,4,4.1,0.039,0,1,0,Low
synthetic_low_187,2,1.7,0.033,0,1,0,Low
synthetic_low_188,3,3.7,0.042,0,0,0,Low
synthetic_low_189,1,1.9,0.014,0,0,0,Low
synthetic_low_190,2,4.4,0.033,1,1,0,Low
synthetic_low_191,5,3.4,0.049,1,1,0,Low
synthetic_low_192,2,2.8,0.026,1,1,0,Low
synthetic_low_193,5,1.7,0.028,1,1,0,Low
synthetic_low_194,4,1.6,0.022,1,0,0,Low
synthetic_low_195,1,3.3,0.028,1,0,0,Low
synthetic_low_196,4,4.2,0.031,0,1,0,Low
synthetic_low_197,5,2.9,0.012,0,1,0,Low
synthetic_low_198,1,3.9,0.043,0,0,0,Low
synthetic_low_199,1,2.2,0.025,1,0,0,Low
synthetic_med_0,7,5.4,0.078,4,1,1,Medium
synthetic_med_1,9,4.6,0.113,3,1,0,Medium
synthetic_med_2,7,4.7,0.118,3,1,1,Medium
synthetic_med_3,9,6.7,0.083,2,1,1,Medium
synthetic_med_4,7,6.9,0.12,4,1,0,Medium
synthetic_med_5,9,6.3,0.058,4,1,1,Medium
synthetic_med_6,6,6.2,0.133,1,1,1,Medium
synthetic_med_7,9,5.4,0.086,2,1,0,Medium
synthetic_med_8,7,6.9,0.099,2,1,0,Medium
synthetic_med_9,6,4.7,0.134,1,1,0,Medium
synthetic_med_10,7,6.7,0.112,4,1,0,Medium
synthetic_med_11,6,5.0,0.119,2,1,1,Medium
synthetic_med_12,5,5.5,0.118,2,1,1,Medium
synthetic_med_13,9,5.2,0.125,4,1,0,Medium
synthetic_med_14,9,5.1,0.147,4,1,0,Medium
synthetic_med_15,7,6.2,0.107,4,1,1,Medium
synthetic_med_16,7,6.4,0.1,4,1,0,Medium
synthetic_med_17,6,6.5,0.064,3,1,0,Medium
synthetic_med_18,8,6.7,0.105,1,1,0,Medium
synthetic_med_19,7,4.7,0.066,4,1,0,Medium
synthetic_med_20,8,4.7,0.141,4,1,1,Medium
synthetic_med_21,5,5.5,0.09,3,1,0,Medium
synthetic_med_22,8,7.0,0.087,1,1,1,Medium
synthetic_med_23,5,6.6,0.115,2,1,0,Medium
synthetic_med_24,5,5.2,0.133,2,1,1,Medium
synthetic_med_25,8,6.0,0.141,1,1,1,Medium
synthetic_med_26,6,6.6,0.105,4,1,0,Medium
synthetic_med_27,7,5.1,0.062,2,1,1,Medium
synthetic_med_28,9,5.6,0.061,4,1,0,Medium
synthetic_med_29,9,5.9,0.122,3,1,1,Medium
synthetic_med_30,5,6.0,0.074,4,1,0,Medium
synthetic_med_31,5,5.8,0.086,1,1,1,Medium
synthetic_med_32,8,4.6,0.089,3,1,1,Medium
synthetic_med_33,5,5.4,0.057,2,1,0,Medium
synthetic_med_34,9,6.3,0.083,1,1,1,Medium
synthetic_med_35,9,5.3,0.114,4,1,1,Medium
synthetic_med_36,6,6.5,0.056,4,1,0,Medium
synthetic_med_37,7,5.0,0.129,1,1,1,Medium
synthetic_med_38,7,5.8,0.149,4,1,1,Medium
synthetic_med_39,5,6.4,0.069,3,1,0,Medium
synthetic_med_40,7,5.2,0.13,4,1,1,Medium
synthetic_med_41,8,6.7,0.089,2,1,1,Medium
synthetic_med_42,8,5.4,0.13,3,1,0,Medium
synthetic_med_43,8,4.7,0.11,2,1,1,Medium
synthetic_med_44,7,4.8,0.083,3,1,1,Medium
synthetic_med_45,8,6.0,0.093,4,1,1,Medium
synthetic_med_46,8,4.6,0.137,3,1,1,Medium
synthetic_med_47,7,6.1,0.129,1,1,0,Medium
synthetic_med_48,8,5.4,0.13,2,1,0,Medium
synthetic_med_49,6,6.6,0.118,4,1,0,Medium
synthetic_med_50,6,4.7,0.128,3,1,1,Medium
synthetic_med_51,8,6.9,0.053,2,1,1,Medium
synthetic_med_52,7,5.4,0.126,2,1,1,Medium
synthetic_med_53,8,5.3,0.078,1,1,0,Medium
synthetic_med_54,6,5.7,0.089,1,1,1,Medium
synthetic_med_55,7,6.3,0.071,3,1,1,Medium
synthetic_med_56,6,4.8,0.135,4,1,0,Medium
synthetic_med_57,8,7.0,0.131,3,1,1,Medium
synthetic_med_58,5,5.9,0.079,3,1,0,Medium
synthetic_med_59,6,6.5,0.101,1,1,0,Medium
synthetic_med_60,6,5.1,0.099,3,1,1,Medium
synthetic_med_61,8,6.5,0.105,1,1,0,Medium
synthetic_med_62,7,5.5,0.122,4,1,1,Medium
synthetic_med_63,8,6.6,0.057,3,1,0,Medium
synthetic_med_64,8,5.7,0.102,2,1,0,Medium
synthetic_med_65,6,5.6,0.141,1,1,0,Medium
synthetic_med_66,9,4.9,0.066,3,1,0,Medium
synthetic_med_67,7,6.9,0.102,3,1,0,Medium
synthetic_med_68,7,5.0,0.146,3,1,0,Medium
synthetic_med_69,7,6.0,0.059,2,1,0,Medium
synthetic_med_70,6,6.1,0.122,3,1,0,Medium
synthetic_med_71,5,4.7,0.145,3,1,0,Medium
synthetic_med_72,9,5.5,0.114,4,1,1,Medium
synthetic_med_73,7,5.7,0.13,4,1,1,Medium
synthetic_med_74,8,4.7,0.056,4,1,1,Medium
synthetic_med_75,8,5.7,0.084,2,1,1,Medium
synthetic_med_76,7,6.3,0.136,4,1,0,Medium
synthetic_med_77,7,5.8,0.061,2,1,1,Medium
synthetic_med_78,5,5.2,0.075,1,1,0,Medium
synthetic_med_79,7,6.9,0.136,4,1,0,Medium
synthetic_med_80,6,6.5,0.143,3,1,0,Medium
synthetic_med_81,6,5.7,0.101,4,1,1,Medium
synthetic_med_82,8,4.6,0.145,4,1,0,Medium
synthetic_med_83,6,6.0,0.055,3,1,1,Medium
synthetic_med_84,9,6.7,0.115,4,1,1,Medium
synthetic_med_85,9,4.5,0.061,2,1,1,Medium
synthetic_med_86,7,6.4,0.087,4,1,0,Medium
synthetic_med_87,9,5.9,0.086,3,1,0,Medium
synthetic_med_88,8,5.8,0.126,3,1,0,Medium
synthetic_med_89,6,6.9,0.089,3,1,1,Medium
synthetic_med_90,6,5.0,0.101,1,1,0,Medium
synthetic_med_91,5,4.8,0.083,4,1,1,Medium
synthetic_med_92,6,6.0,0.102,3,1,1,Medium
synthetic_med_93,6,5.5,0.112,3,1,1,Medium
synthetic_med_94,9,6.6,0.103,3,1,1,Medium
synthetic_med_95,5,5.4,0.117,4,1,1,Medium
synthetic_med_96,5,6.0,0.077,2,1,0,Medium
synthetic_med_97,9,5.7,0.102,4,1,0,Medium
synthetic_med_98,6,4.6,0.145,1,1,0,Medium
synthetic_med_99,5,5.6,0.092,4,1,0,Medium
synthetic_med_100,8,5.8,0.111,4,1,0,Medium
synthetic_med_101,6,5.8,0.106,4,1,1,Medium
synthetic_med_102,7,6.9,0.096,3,1,1,Medium
synthetic_med_103,7,6.0,0.069,2,1,1,Medium
synthetic_med_104,9,5.2,0.144,3,1,1,Medium
synthetic_med_105,6,6.2,0.099,4,1,1,Medium
synthetic_med_106,9,6.8,0.13,3,1,1,Medium
synthetic_med_107,5,5.9,0.104,4,1,1,Medium
synthetic_med_108,6,5.2,0.079,1,1,1,Medium
synthetic_med_109,8,6.1,0.125,2,1,0,Medium
synthetic_med_110,9,5.2,0.106,3,1,0,Medium
synthetic_med_111,5,6.0,0.109,2,1,0,Medium
synthetic_med_112,9,5.1,0.073,1,1,1,Medium
synthetic_med_113,7,6.3,0.06,2,1,0,Medium
synthetic_med_114,9,6.9,0.066,4,1,1,Medium
synthetic_med_115,6,6.4,0.079,3,1,0,Medium
synthetic_med_116,5,6.1,0.073,1,1,0,Medium
synthetic_med_117,8,6.7,0.068,1,1,1,Medium
synthetic_med_118,8,5.0,0.125,3,1,0,Medium
synthetic_med_119,5,5.2,0.11,3,1,1,Medium
synthetic_med_120,8,7.0,0.104,4,1,0,Medium
synthetic_med_121,9,5.7,0.069,1,1,1,Medium
synthetic_med_122,6,6.3,0.115,2,1,0,Medium
synthetic_med_123,7,6.5,0.107,2,1,0,Medium
synthetic_med_124,9,6.6,0.14,4,1,1,Medium
synthetic_med_125,5,5.5,0.06,2,1,1,Medium
synthetic_med_126,7,6.8,0.051,4,1,0,Medium
synthetic_med_127,8,6.4,0.145,3,1,0,Medium
synthetic_med_128,7,6.1,0.119,1,1,0,Medium
synthetic_med_129,8,5.3,0.091,3,1,0,Medium
synthetic_med_130,7,5.4,0.072,2,1,1,Medium
synthetic_med_131,6,5.6,0.149,3,1,1,Medium
synthetic_med_132,9,6.8,0.126,2,1,0,Medium
synthetic_med_133,9,6.7,0.058,4,1,1,Medium
synthetic_med_134,5,6.8,0.061,2,1,0,Medium
synthetic_med_135,6,5.3,0.102,1,1,0,Medium
synthetic_med_136,9,5.7,0.14,4,1,0,Medium
synthetic_med_137,8,4.8,0.092,1,1,1,Medium
synthetic_med_138,7,6.3,0.09,1,1,0,Medium
synthetic_med_139,9,4.7,0.092,1,1,0,Medium
synthetic_med_140,5,7.0,0.097,3,1,1,Medium
synthetic_med_141,6,6.4,0.127,4,1,1,Medium
synthetic_med_142,8,5.6,0.142,4,1,1,Medium
synthetic_med_143,5,6.2,0.116,2,1,1,Medium
synthetic_med_144,5,4.9,0.104,2,1,0,Medium
synthetic_med_145,5,6.4,0.148,4,1,1,Medium
synthetic_med_146,9,5.4,0.073,4,1,1,Medium
synthetic_med_147,6,5.2,0.144,1,1,0,Medium
synthetic_med_148,8,6.0,0.144,1,1,0,Medium
synthetic_med_149,6,4.7,0.109,4,1,0,Medium
synthetic_med_150,6,6.4,0.09,2,1,0,Medium
synthetic_med_151,5,4.9,0.149,2,1,1,Medium
synthetic_med_152,9,6.0,0.117,3,1,0,Medium
synthetic_med_153,7,6.7,0.149,2,1,1,Medium
synthetic_med_154,7,5.2,0.106,2,1,1,Medium
synthetic_med_155,9,5.7,0.147,4,1,1,Medium
synthetic_med_156,8,5.5,0.08,2,1,1,Medium
synthetic_med_157,6,6.6,0.08,2,1,1,Medium
synthetic_med_158,5,5.9,0.147,2,1,1,Medium
synthetic_med_159,6,5.1,0.083,1,1,1,Medium
synthetic_med_160,7,4.7,0.122,2,1,0,Medium
synthetic_med_161,7,5.4,0.11,1,1,0,Medium
synthetic_med_162,6,6.5,0.109,2,1,1,Medium
synthetic_med_163,6,6.7,0.083,1,1,0,Medium
synthetic_med_164,6,6.9,0.062,4,1,0,Medium
synthetic_med_165,9,6.3,0.09,2,1,1,Medium
synthetic_med_166,7,5.5,0.103,3,1,1,Medium
synthetic_med_167,7,5.4,0.138,4,1,0,Medium
synthetic_med_168,8,6.4,0.082,2,1,1,Medium
synthetic_med_169,7,5.5,0.106,2,1,0,Medium
synthetic_med_170,5,5.2,0.143,4,1,1,Medium
synthetic_med_171,6,5.0,0.073,2,1,1,Medium
synthetic_med_172,9,6.1,0.118,3,1,1,Medium
synthetic_med_173,8,5.7,0.123,3,1,0,Medium
synthetic_med_174,6,6.3,0.099,1,1,0,Medium
synthetic_med_175,5,6.9,0.117,1,1,1,Medium
synthetic_med_176,6,6.6,0.073,2,1,0,Medium
synthetic_med_177,6,5.8,0.087,4,1,1,Medium
synthetic_med_178,5,4.5,0.105,1,1,0,Medium
synthetic_med_179,9,6.3,0.104,3,1,0,Medium
synthetic_med_180,9,6.5,0.117,2,1,0,Medium
synthetic_med_181,5,5.8,0.074,3,1,1,Medium
synthetic_med_182,7,6.5,0.058,4,1,1,Medium
synthetic_med_183,9,5.1,0.12,3,1,0,Medium
synthetic_med_184,5,4.7,0.088,4,1,0,Medium
synthetic_med_185,5,6.3,0.058,4,1,1,Medium
synthetic_med_186,9,6.9,0.147,1,1,0,Medium
synthetic_med_187,6,6.8,0.119,4,1,1,Medium
synthetic_med_188,5,6.8,0.118,3,1,0,Medium
synthetic_med_189,6,6.8,0.081,2,1,0,Medium
synthetic_med_190,8,6.8,0.08,2,1,1,Medium
synthetic_med_191,9,5.3,0.126,2,1,0,Medium
synthetic_med_192,9,6.4,0.085,1,1,1,Medium
synthetic_med_193,6,6.6,0.084,4,1,1,Medium
synthetic_med_194,5,6.1,0.128,4,1,1,Medium
synthetic_med_195,6,5.4,0.144,4,1,0,Medium
synthetic_med_196,9,6.2,0.059,3,1,0,Medium
synthetic_med_197,5,4.7,0.065,2,1,1,Medium
synthetic_med_198,7,5.4,0.059,3,1,1,Medium
synthetic_med_199,7,6.4,0.06,1,1,0,Medium
synthetic_high_0,11,8.3,0.261,6,1,1,High
synthetic_high_1,8,7.1,0.221,3,1,1,High
synthetic_high_2,12,8.8,0.215,6,1,1,High
synthetic_high_3,8,7.9,0.228,3,1,1,High
synthetic_high_4,13,9.7,0.331,4,1,1,High
synthetic_high_5,12,8.6,0.287,4,1,1,High
synthetic_high_6,9,7.8,0.204,4,1,1,High
synthetic_high_7,8,7.5,0.205,5,1,1,High
synthetic_high_8,11,9.3,0.222,4,1,1,High
synthetic_high_9,13,8.9,0.269,4,1,1,High
synthetic_high_10,11,7.3,0.211,6,1,1,High
synthetic_high_11,10,9.5,0.226,5,1,1,High
synthetic_high_12,11,8.0,0.313,8,1,1,High
synthetic_high_13,12,7.4,0.214,8,1,1,High
synthetic_high_14,9,8.4,0.186,6,1,1,High
synthetic_high_15,10,7.9,0.289,6,1,1,High
synthetic_high_16,12,9.3,0.215,5,1,1,High
synthetic_high_17,14,9.4,0.223,7,1,1,High
synthetic_high_18,9,8.8,0.259,8,1,1,High
synthetic_high_19,14,8.7,0.341,6,1,1,High
synthetic_high_20,13,7.6,0.31,8,1,1,High
synthetic_high_21,8,9.5,0.309,6,1,1,High
synthetic_high_22,13,8.5,0.277,4,1,1,High
synthetic_high_23,10,9.0,0.293,6,1,1,High
synthetic_high_24,8,8.3,0.27,7,1,1,High
synthetic_high_25,11,8.6,0.335,8,1,1,High
synthetic_high_26,11,8.6,0.308,5,1,1,High
synthetic_high_27,13,9.7,0.257,8,1,1,High
synthetic_high_28,8,7.3,0.2,8,1,1,High
synthetic_high_29,10,7.5,0.273,7,1,1,High
synthetic_high_30,13,9.0,0.23,5,1,1,High
synthetic_high_31,14,8.3,0.152,5,1,1,High
synthetic_high_32,9,8.5,0.254,7,1,1,High
synthetic_high_33,13,8.7,0.239,6,1,1,High
synthetic_high_34,11,9.3,0.268,7,1,1,High
synthetic_high_35,9,8.0,0.155,3,1,1,High
synthetic_high_36,10,8.2,0.342,3,1,1,High
synthetic_high_37,14,9.8,0.178,5,1,1,High
synthetic_high_38,10,8.4,0.191,6,1,1,High
synthetic_high_39,10,8.4,0.238,8,1,1,High
synthetic_high_40,11,8.0,0.21,8,1,1,High
synthetic_high_41,8,7.1,0.219,3,1,1,High
synthetic_high_42,13,9.4,0.336,8,1,1,High
synthetic_high_43,9,8.5,0.26,5,1,1,High
synthetic_high_44,12,8.3,0.242,6,1,1,High
synthetic_high_45,13,7.6,0.278,6,1,1,High
synthetic_high_46,11,7.1,0.273,4,1,1,High
synthetic_high_47,11,8.8,0.228,8,1,1,High
synthetic_high_48,9,7.6,0.3,3,1,1,High
synthetic_high_49,12,7.3,0.324,4,1,1,High
synthetic_high_50,10,8.0,0.242,5,1,1,High
synthetic_high_51,13,9.6,0.256,8,1,1,High
synthetic_high_52,10,8.8,0.272,7,1,1,High
synthetic_high_53,8,8.0,0.319,7,1,1,High
synthetic_high_54,9,9.4,0.291,5,1,1,High
synthetic_high_55,12,8.8,0.284,5,1,1,High
synthetic_high_56,8,7.7,0.173,5,1,1,High
synthetic_high_57,13,7.4,0.228,7,1,1,High
synthetic_high_58,9,8.7,0.235,6,1,1,High
synthetic_high_59,13,8.6,0.334,4,1,1,High
synthetic_high_60,12,7.5,0.208,4,1,1,High
synthetic_high_61,10,9.5,0.274,5,1,1,High
synthetic_high_62,8,8.5,0.189,6,1,1,High
synthetic_high_63,12,8.5,0.249,8,1,1,High
synthetic_high_64,11,8.2,0.318,6,1,1,High
synthetic_high_65,9,7.2,0.156,4,1,1,High
synthetic_high_66,10,7.1,0.195,5,1,1,High
synthetic_high_67,9,9.3,0.263,6,1,1,High
synthetic_high_68,12,8.5,0.265,5,1,1,High
synthetic_high_69,14,8.6,0.348,7,1,1,High
synthetic_high_70,14,9.3,0.302,6,1,1,High
synthetic_high_71,12,7.7,0.235,8,1,1,High
synthetic_high_72,14,9.0,0.2,3,1,1,High
synthetic_high_73,11,7.8,0.322,3,1,1,High
synthetic_high_74,11,9.6,0.173,4,1,1,High
synthetic_high_75,9,9.4,0.268,5,1,1,High
synthetic_high_76,14,9.1,0.277,4,1,1,High
synthetic_high_77,12,7.4,0.191,4,1,1,High
synthetic_high_78,14,7.2,0.22,5,1,1,High
synthetic_high_79,12,8.6,0.215,8,1,1,High
synthetic_high_80,10,7.9,0.203,7,1,1,High
synthetic_high_81,13,9.4,0.177,6,1,1,High
synthetic_high_82,8,10.0,0.323,4,1,1,High
synthetic_high_83,13,9.6,0.2,8,1,1,High
synthetic_high_84,10,9.5,0.302,8,1,1,High
synthetic_high_85,11,8.5,0.265,5,1,1,High
synthetic_high_86,13,8.2,0.24,8,1,1,High
synthetic_high_87,14,9.6,0.169,7,1,1,High
synthetic_high_88,13,7.8,0.337,5,1,1,High
synthetic_high_89,11,9.9,0.215,3,1,1,High
synthetic_high_90,14,9.3,0.297,8,1,1,High
synthetic_high_91,11,8.9,0.289,3,1,1,High
synthetic_high_92,14,8.6,0.194,6,1,1,High
synthetic_high_93,14,7.6,0.204,5,1,1,High
synthetic_high_94,10,8.6,0.176,6,1,1,High
synthetic_high_95,14,8.0,0.287,3,1,1,High
synthetic_high_96,8,7.3,0.307,6,1,1,High
synthetic_high_97,8,7.4,0.322,6,1,1,High
synthetic_high_98,11,7.0,0.342,4,1,1,High
synthetic_high_99,13,9.7,0.326,5,1,1,High
synthetic_high_100,9,9.6,0.325,3,1,1,High
synthetic_high_101,13,8.1,0.166,8,1,1,High
synthetic_high_102,13,7.5,0.229,5,1,1,High
synthetic_high_103,13,9.1,0.197,8,1,1,High
synthetic_high_104,8,9.1,0.15,6,1,1,High
synthetic_high_105,8,7.4,0.195,8,1,1,High
synthetic_high_106,11,7.0,0.289,3,1,1,High
synthetic_high_107,14,8.3,0.176,3,1,1,High
synthetic_high_108,9,8.1,0.296,3,1,1,High
synthetic_high_109,8,7.9,0.326,4,1,1,High
synthetic_high_110,11,9.3,0.301,4,1,1,High
synthetic_high_111,13,10.0,0.179,7,1,1,High
synthetic_high_112,12,7.0,0.28,6,1,1,High
synthetic_high_113,10,9.2,0.276,4,1,1,High
synthetic_high_114,11,8.8,0.238,4,1,1,High
synthetic_high_115,8,9.7,0.178,3,1,1,High
synthetic_high_116,12,9.2,0.22,6,1,1,High
synthetic_high_117,10,9.4,0.2,8,1,1,High
synthetic_high_118,8,7.7,0.27,8,1,1,High
synthetic_high_119,12,7.9,0.338,3,1,1,High
synthetic_high_120,14,9.5,0.325,4,1,1,High
synthetic_high_121,12,8.8,0.188,6,1,1,High
synthetic_high_122,10,8.9,0.307,4,1,1,High
synthetic_high_123,11,8.2,0.198,8,1,1,High
synthetic_high_124,12,7.2,0.328,3,1,1,High
synthetic_high_125,10,9.8,0.176,7,1,1,High
synthetic_high_126,11,8.1,0.287,6,1,1,High
synthetic_high_127,14,7.2,0.267,3,1,1,High
synthetic_high_128,10,7.6,0.335,6,1,1,High
synthetic_high_129,12,7.9,0.293,6,1,1,High
synthetic_high_130,11,9.1,0.166,7,1,1,High
synthetic_high_131,12,8.8,0.205,5,1,1,High
synthetic_high_132,8,8.5,0.191,4,1,1,High
synthetic_high_133,12,8.0,0.267,8,1,1,High
synthetic_high_134,13,8.9,0.212,6,1,1,High
synthetic_high_135,13,9.9,0.198,4,1,1,High
synthetic_high_136,8,9.8,0.173,7,1,1,High
synthetic_high_137,12,7.2,0.283,8,1,1,High
synthetic_high_138,13,7.5,0.153,4,1,1,High
synthetic_high_139,13,7.0,0.249,5,1,1,High
synthetic_high_140,12,8.6,0.315,5,1,1,High
synthetic_high_141,9,8.1,0.3,5,1,1,High
synthetic_high_142,13,9.7,0.304,3,1,1,High
synthetic_high_143,10,9.4,0.204,3,1,1,High
synthetic_high_144,10,9.1,0.265,3,1,1,High
synthetic_high_145,11,8.4,0.222,6,1,1,High
synthetic_high_146,14,8.7,0.224,5,1,1,High
synthetic_high_147,14,7.3,0.265,8,1,1,High
synthetic_high_148,8,7.7,0.252,3,1,1,High
synthetic_high_149,14,9.6,0.199,6,1,1,High
synthetic_high_150,10,8.1,0.18,3,1,1,High
synthetic_high_151,12,9.4,0.293,8,1,1,High
synthetic_high_152,11,7.7,0.2,8,1,1,High
synthetic_high_153,10,7.8,0.166,5,1,1,High
synthetic_high_154,8,8.5,0.33,4,1,1,High
synthetic_high_155,9,9.4,0.346,6,1,1,High
synthetic_high_156,8,9.6,0.323,5,1,1,High
synthetic_high_157,10,7.3,0.241,5,1,1,High
synthetic_high_158,9,7.9,0.307,8,1,1,High
synthetic_high_159,12,7.7,0.224,6,1,1,High
synthetic_high_160,14,9.3,0.296,7,1,1,High
synthetic_high_161,14,9.4,0.18,6,1,1,High
synthetic_high_162,8,7.7,0.219,8,1,1,High
synthetic_high_163,8,9.9,0.15,8,1,1,High
synthetic_high_164,11,9.5,0.295,3,1,1,High
synthetic_high_165,9,8.6,0.198,6,1,1,High
synthetic_high_166,8,9.9,0.178,5,1,1,High
synthetic_high_167,8,7.1,0.196,7,1,1,High
synthetic_high_168,11,9.1,0.224,8,1,1,High
synthetic_high_169,8,8.7,0.251,8,1,1,High
synthetic_high_170,14,8.2,0.268,3,1,1,High
synthetic_high_171,11,9.0,0.176,5,1,1,High
synthetic_high_172,10,9.6,0.335,6,1,1,High
synthetic_high_173,13,9.5,0.215,6,1,1,High
synthetic_high_174,10,7.7,0.339,4,1,1,High
synthetic_high_175,14,9.3,0.172,3,1,1,High
synthetic_high_176,9,8.3,0.213,3,1,1,High
synthetic_high_177,12,8.1,0.304,6,1,1,High
synthetic_high_178,10,8.4,0.32,3,1,1,High
synthetic_high_179,9,9.4,0.211,8,1,1,High
synthetic_high_180,13,8.8,0.193,5,1,1,High
synthetic_high_181,9,7.3,0.2,5,1,1,High
synthetic_high_182,11,8.5,0.285,5,1,1,High
synthetic_high_183,14,10.0,0.156,6,1,1,High
synthetic_high_184,14,8.4,0.3,4,1,1,High
synthetic_high_185,8,8.4,0.311,4,1,1,High
synthetic_high_186,8,7.0,0.316,4,1,1,High
synthetic_high_187,9,7.6,0.23,8,1,1,High
synthetic_high_188,13,9.8,0.167,7,1,1,High
synthetic_high_189,10,9.8,0.165,3,1,1,High
synthetic_high_190,9,9.7,0.239,4,1,1,High
synthetic_high_191,8,9.7,0.316,5,1,1,High
synthetic_high_192,8,7.1,0.242,4,1,1,High
synthetic_high_193,12,8.3,0.295,6,1,1,High
synthetic_high_194,8,8.1,0.235,5,1,1,High
synthetic_high_195,9,9.7,0.205,6,1,1,High
synthetic_high_196,9,7.1,0.274,4,1,1,High
synthetic_high_197,13,7.9,0.232,7,1,1,High
synthetic_high_198,11,7.2,0.206,4,1,1,High
synthetic_high_199,11,7.6,0.327,7,1,1,High
